{
"lengthUnit": "mil",
"remark": ["fly_line"],
"components": {
	"fields": ["COMPONENT_NO", "COMPONENT_NAME", "LAYER", "X_COORDINATE", "Y_COORDINATE", "ANGLE"],
	"rows": [
		[1, "U1", "T", 1883.331, -2098.935, 180],
		[2, "U6", "T", 2090, -895, 0],
		[3, "USB1", "T", 615, -865, 0],
		[4, "PAD1", "T", 2829.986, -1717.44, 0],
		[5, "PAD2", "T", 2729.986, -1717.44, 0],
		[6, "PAD3", "T", 2429.986, -2480.43, 0],
		[7, "PAD4", "T", 2329.986, -1717.44, 0],
		[8, "PAD5", "T", 2029.986, -1717.44, 0],
		[9, "PAD6", "T", 1929.986, -1717.44, 0],
		[10, "PAD7", "T", 1129.986, -1717.44, 0],
		[11, "PAD8", "T", 1029.986, -1717.44, 0],
		[12, "PAD9", "T", 929.986, -1717.44, 0],
		[13, "PAD10", "T", 2040, -745, 0],
		[14, "PAD10", "B", 2040, -745, 0],
		[15, "PAD11", "T", 2040, -845, 0],
		[16, "PAD11", "B", 2040, -845, 0],
		[17, "PAD12", "T", 2040, -945, 0],
		[18, "PAD12", "B", 2040, -945, 0],
		[19, "PAD13", "T", 2040, -1045, 0],
		[20, "PAD13", "B", 2040, -1045, 0],
		[21, "PAD14", "T", 2140, -745, 0],
		[22, "PAD14", "B", 2140, -745, 0],
		[23, "PAD15", "T", 2140, -845, 0],
		[24, "PAD15", "B", 2140, -845, 0],
		[25, "PAD16", "T", 2140, -945, 0],
		[26, "PAD16", "B", 2140, -945, 0],
		[27, "PAD17", "T", 615, -746.9, 0],
		[28, "PAD17", "B", 615, -746.9, 0],
		[29, "PAD18", "T", 615, -825.63, 0],
		[30, "PAD18", "B", 615, -825.63, 0],
		[31, "PAD19", "T", 615, -904.37, 0],
		[32, "PAD19", "B", 615, -904.37, 0],
		[33, "PAD20", "T", 615, -983.11, 0],
		[34, "PAD20", "B", 615, -983.11, 0]
	]
},
"pins": {
	"fields": ["PIN_NO", "PIN_NAME", "PIN_X", "PIN_Y", "LAYER", "PIN_TYPE", "NET_NAME", "NET_TYPE", "PAD_SHAPE", "PAD_SIZEX", "PAD_SIZEY", "HOLE_SIZE", "HOLE_LEN", "PAD_ANGLE"],
	"rows": [
		[1, "U1_1", 2829.986, -1717.44, "T", "SMD", "$1N745", "", "R", 62.992, 125.984, 0, 0, 180],
		[2, "U1_2", 2729.986, -1717.44, "T", "SMD", "$1N750", "", "R", 62.992, 125.984, 0, 0, 180],
		[3, "U1_3", 2629.986, -1717.44, "T", "SMD", "NET_1", "", "R", 62.992, 125.984, 0, 0, 180],
		[4, "U1_4", 2529.986, -1717.44, "T", "SMD", "NET_2", "", "R", 62.992, 125.984, 0, 0, 180],
		[5, "U1_5", 2429.986, -1717.44, "T", "SMD", "NET_3", "", "R", 62.992, 125.984, 0, 0, 180],
		[6, "U1_6", 2329.986, -1717.44, "T", "SMD", "$1N372", "", "R", 62.992, 125.984, 0, 0, 180],
		[7, "U1_7", 2229.986, -1717.44, "T", "SMD", "NET_4", "", "R", 62.992, 125.984, 0, 0, 180],
		[8, "U1_8", 2129.986, -1717.44, "T", "SMD", "NET_5", "", "R", 62.992, 125.984, 0, 0, 180],
		[9, "U1_9", 2029.986, -1717.44, "T", "SMD", "$1N734", "", "R", 62.992, 125.984, 0, 0, 180],
		[10, "U1_10", 1929.986, -1717.44, "T", "SMD", "$1N373", "", "R", 62.992, 125.984, 0, 0, 180],
		[11, "U1_11", 1829.986, -1717.44, "T", "SMD", "NET_6", "", "R", 62.992, 125.984, 0, 0, 180],
		[12, "U1_12", 1729.986, -1717.44, "T", "SMD", "NET_7", "", "R", 62.992, 125.984, 0, 0, 180],
		[13, "U1_13", 1629.986, -1717.44, "T", "SMD", "NET_8", "", "R", 62.992, 125.984, 0, 0, 180],
		[14, "U1_14", 1529.986, -1717.44, "T", "SMD", "NET_9", "", "R", 62.992, 125.984, 0, 0, 180],
		[15, "U1_15", 1429.986, -1717.44, "T", "SMD", "NET_10", "", "R", 62.992, 125.984, 0, 0, 180],
		[16, "U1_16", 1329.986, -1717.44, "T", "SMD", "NET_11", "", "R", 62.992, 125.984, 0, 0, 180],
		[17, "U1_17", 1229.986, -1717.44, "T", "SMD", "NET_12", "", "R", 62.992, 125.984, 0, 0, 180],
		[18, "U1_18", 1129.986, -1717.44, "T", "SMD", "$1N740", "", "R", 62.992, 125.984, 0, 0, 180],
		[19, "U1_19", 1029.986, -1717.44, "T", "SMD", "$1N378", "", "R", 62.992, 125.984, 0, 0, 180],
		[20, "U1_20", 929.986, -1717.44, "T", "SMD", "$1N379", "", "R", 62.992, 125.984, 0, 0, 180],
		[21, "U1_21", 929.986, -2480.43, "T", "SMD", "NET_13", "", "R", 62.992, 125.984, 0, 0, 180],
		[22, "U1_22", 1029.986, -2480.43, "T", "SMD", "NET_14", "", "R", 62.992, 125.984, 0, 0, 180],
		[23, "U1_23", 1129.986, -2480.43, "T", "SMD", "NET_15", "", "R", 62.992, 125.984, 0, 0, 180],
		[24, "U1_24", 1229.986, -2480.43, "T", "SMD", "NET_16", "", "R", 62.992, 125.984, 0, 0, 180],
		[25, "U1_25", 1329.986, -2480.43, "T", "SMD", "NET_17", "", "R", 62.992, 125.984, 0, 0, 180],
		[26, "U1_26", 1429.986, -2480.43, "T", "SMD", "NET_18", "", "R", 62.992, 125.984, 0, 0, 180],
		[27, "U1_27", 1529.986, -2480.43, "T", "SMD", "NET_19", "", "R", 62.992, 125.984, 0, 0, 180],
		[28, "U1_28", 1629.986, -2480.43, "T", "SMD", "NET_20", "", "R", 62.992, 125.984, 0, 0, 180],
		[29, "U1_29", 1729.986, -2480.43, "T", "SMD", "NET_21", "", "R", 62.992, 125.984, 0, 0, 180],
		[30, "U1_30", 1829.986, -2480.43, "T", "SMD", "NET_22", "", "R", 62.992, 125.984, 0, 0, 180],
		[31, "U1_31", 1929.986, -2480.43, "T", "SMD", "NET_23", "", "R", 62.992, 125.984, 0, 0, 180],
		[32, "U1_32", 2029.986, -2480.43, "T", "SMD", "NET_24", "", "R", 62.992, 125.984, 0, 0, 180],
		[33, "U1_33", 2129.986, -2480.43, "T", "SMD", "NET_25", "", "R", 62.992, 125.984, 0, 0, 180],
		[34, "U1_34", 2229.986, -2480.43, "T", "SMD", "NET_26", "", "R", 62.992, 125.984, 0, 0, 180],
		[35, "U1_35", 2329.986, -2480.43, "T", "SMD", "NET_27", "", "R", 62.992, 125.984, 0, 0, 180],
		[36, "U1_36", 2429.986, -2480.43, "T", "SMD", "$1N414", "", "R", 62.992, 125.984, 0, 0, 180],
		[37, "U1_37", 2529.986, -2480.43, "T", "SMD", "NET_28", "", "R", 62.992, 125.984, 0, 0, 180],
		[38, "U1_38", 2629.986, -2480.43, "T", "SMD", "NET_29", "", "R", 62.992, 125.984, 0, 0, 180],
		[39, "U1_39", 2729.986, -2480.43, "T", "SMD", "NET_30", "", "R", 62.992, 125.984, 0, 0, 180],
		[40, "U1_40", 2829.986, -2480.43, "T", "SMD", "NET_31", "", "R", 62.992, 125.984, 0, 0, 180],
		[41, "U1_TP1", 2706.756, -2098.94, "T", "SMD", "NET_32", "", "R", 59.055, 59.055, 0, 0, 180],
		[42, "U1_TP2", 2836.676, -2138.31, "T", "SMD", "NET_33", "", "R", 59.055, 59.055, 0, 0, 180],
		[43, "U1_TP3", 2836.676, -2059.57, "T", "SMD", "NET_34", "", "R", 59.055, 59.055, 0, 0, 180],
		[44, "U1_TP4", 2509.906, -2000.52, "T", "SMD", "NET_35", "", "R", 59.055, 59.055, 0, 0, 180],
		[45, "U1_TP5", 2411.486, -2000.52, "T", "SMD", "NET_36", "", "R", 59.055, 59.055, 0, 0, 180],
		[46, "U1_TP6", 2313.056, -2000.52, "T", "SMD", "NET_37", "", "R", 59.055, 59.055, 0, 0, 180],
		[47, "U6_1", 2040, -745, "T", "DIP", "$1N740", "", "R", 74.016, 74.016, 40, 40, 180],
		[48, "U6_1", 2040, -745, "B", "DIP", "$1N740", "", "R", 74.016, 74.016, 40, 40, 180],
		[49, "U6_2", 2040, -845, "T", "DIP", "$1N378", "", "C", 74.016, 74.016, 40, 40, 180],
		[50, "U6_2", 2040, -845, "B", "DIP", "$1N378", "", "C", 74.016, 74.016, 40, 40, 180],
		[51, "U6_3", 2040, -945, "T", "DIP", "$1N734", "", "C", 74.016, 74.016, 40, 40, 180],
		[52, "U6_3", 2040, -945, "B", "DIP", "$1N734", "", "C", 74.016, 74.016, 40, 40, 180],
		[53, "U6_4", 2040, -1045, "T", "DIP", "$1N372", "", "C", 74.016, 74.016, 40, 40, 180],
		[54, "U6_4", 2040, -1045, "B", "DIP", "$1N372", "", "C", 74.016, 74.016, 40, 40, 180],
		[55, "U6_5", 2140, -745, "T", "DIP", "$1N414", "", "C", 74.016, 74.016, 40, 40, 180],
		[56, "U6_5", 2140, -745, "B", "DIP", "$1N414", "", "C", 74.016, 74.016, 40, 40, 180],
		[57, "U6_6", 2140, -845, "T", "DIP", "$1N379", "", "C", 74.016, 74.016, 40, 40, 180],
		[58, "U6_6", 2140, -845, "B", "DIP", "$1N379", "", "C", 74.016, 74.016, 40, 40, 180],
		[59, "U6_7", 2140, -945, "T", "DIP", "$1N373", "", "C", 74.016, 74.016, 40, 40, 180],
		[60, "U6_7", 2140, -945, "B", "DIP", "$1N373", "", "C", 74.016, 74.016, 40, 40, 180],
		[61, "U6_8", 2140, -1045, "T", "DIP", "NET_38", "", "C", 74.016, 74.016, 40, 40, 180],
		[62, "U6_8", 2140, -1045, "B", "DIP", "NET_38", "", "C", 74.016, 74.016, 40, 40, 180],
		[63, "USB1_1", 615, -983.11, "T", "DIP", "$1N414", "", "C", 62.992, 62.992, 39.37, 39.37, 0],
		[64, "USB1_1", 615, -983.11, "B", "DIP", "$1N414", "", "C", 62.992, 62.992, 39.37, 39.37, 0],
		[65, "USB1_2", 615, -904.37, "T", "DIP", "$1N745", "", "C", 62.992, 62.992, 39.37, 39.37, 0],
		[66, "USB1_2", 615, -904.37, "B", "DIP", "$1N745", "", "C", 62.992, 62.992, 39.37, 39.37, 0],
		[67, "USB1_3", 615, -825.63, "T", "DIP", "$1N750", "", "C", 62.992, 62.992, 39.37, 39.37, 0],
		[68, "USB1_3", 615, -825.63, "B", "DIP", "$1N750", "", "C", 62.992, 62.992, 39.37, 39.37, 0],
		[69, "USB1_4", 615, -746.9, "T", "DIP", "$1N740", "", "C", 62.992, 62.992, 39.37, 39.37, 0],
		[70, "USB1_4", 615, -746.9, "B", "DIP", "$1N740", "", "C", 62.992, 62.992, 39.37, 39.37, 0],
		[71, "USB1_5", 506.73, -727.2, "T", "DIP", "NET_39", "", "C", 110.236, 110.236, 74.804, 74.804, 0],
		[72, "USB1_5", 506.73, -727.2, "B", "DIP", "NET_39", "", "C", 110.236, 110.236, 74.804, 74.804, 0],
		[73, "USB1_5", 506.73, -1002.8, "T", "DIP", "NET_40", "", "C", 110.236, 110.236, 74.804, 74.804, 0],
		[74, "USB1_5", 506.73, -1002.8, "B", "DIP", "NET_40", "", "C", 110.236, 110.236, 74.804, 74.804, 0],
		[75, "USB1_5", 723.27, -1002.8, "T", "DIP", "NET_41", "", "C", 110.236, 110.236, 74.804, 74.804, 0],
		[76, "USB1_5", 723.27, -1002.8, "B", "DIP", "NET_41", "", "C", 110.236, 110.236, 74.804, 74.804, 0],
		[77, "USB1_5", 723.27, -727.2, "T", "DIP", "NET_42", "", "C", 110.236, 110.236, 74.804, 74.804, 0],
		[78, "USB1_5", 723.27, -727.2, "B", "DIP", "NET_42", "", "C", 110.236, 110.236, 74.804, 74.804, 0],
		[79, "PAD1_1", 2829.986, -1717.44, "T", "SMD", "$1N745", "", "R", 62.992, 125.984, 0, 0, 180],
		[80, "PAD2_2", 2729.986, -1717.44, "T", "SMD", "$1N750", "", "R", 62.992, 125.984, 0, 0, 180],
		[81, "PAD3_36", 2429.986, -2480.43, "T", "SMD", "$1N414", "", "R", 62.992, 125.984, 0, 0, 180],
		[82, "PAD4_6", 2329.986, -1717.44, "T", "SMD", "$1N372", "", "R", 62.992, 125.984, 0, 0, 180],
		[83, "PAD5_9", 2029.986, -1717.44, "T", "SMD", "$1N734", "", "R", 62.992, 125.984, 0, 0, 180],
		[84, "PAD6_10", 1929.986, -1717.44, "T", "SMD", "$1N373", "", "R", 62.992, 125.984, 0, 0, 180],
		[85, "PAD7_18", 1129.986, -1717.44, "T", "SMD", "$1N740", "", "R", 62.992, 125.984, 0, 0, 180],
		[86, "PAD8_19", 1029.986, -1717.44, "T", "SMD", "$1N378", "", "R", 62.992, 125.984, 0, 0, 180],
		[87, "PAD9_20", 929.986, -1717.44, "T", "SMD", "$1N379", "", "R", 62.992, 125.984, 0, 0, 180],
		[88, "PAD10_1", 2040, -745, "T", "DIP", "$1N740", "", "R", 74.016, 74.016, 40, 40, 180],
		[89, "PAD10_1", 2040, -745, "B", "DIP", "$1N740", "", "R", 74.016, 74.016, 40, 40, 180],
		[90, "PAD11_2", 2040, -845, "T", "DIP", "$1N378", "", "C", 74.016, 74.016, 40, 40, 180],
		[91, "PAD11_2", 2040, -845, "B", "DIP", "$1N378", "", "C", 74.016, 74.016, 40, 40, 180],
		[92, "PAD12_3", 2040, -945, "T", "DIP", "$1N734", "", "C", 74.016, 74.016, 40, 40, 180],
		[93, "PAD12_3", 2040, -945, "B", "DIP", "$1N734", "", "C", 74.016, 74.016, 40, 40, 180],
		[94, "PAD13_4", 2040, -1045, "T", "DIP", "$1N372", "", "C", 74.016, 74.016, 40, 40, 180],
		[95, "PAD13_4", 2040, -1045, "B", "DIP", "$1N372", "", "C", 74.016, 74.016, 40, 40, 180],
		[96, "PAD14_5", 2140, -745, "T", "DIP", "$1N414", "", "C", 74.016, 74.016, 40, 40, 180],
		[97, "PAD14_5", 2140, -745, "B", "DIP", "$1N414", "", "C", 74.016, 74.016, 40, 40, 180],
		[98, "PAD15_6", 2140, -845, "T", "DIP", "$1N379", "", "C", 74.016, 74.016, 40, 40, 180],
		[99, "PAD15_6", 2140, -845, "B", "DIP", "$1N379", "", "C", 74.016, 74.016, 40, 40, 180],
		[100, "PAD16_7", 2140, -945, "T", "DIP", "$1N373", "", "C", 74.016, 74.016, 40, 40, 180],
		[101, "PAD16_7", 2140, -945, "B", "DIP", "$1N373", "", "C", 74.016, 74.016, 40, 40, 180],
		[102, "PAD17_4", 615, -746.9, "T", "DIP", "$1N740", "", "C", 62.992, 62.992, 39.37, 39.37, 0],
		[103, "PAD17_4", 615, -746.9, "B", "DIP", "$1N740", "", "C", 62.992, 62.992, 39.37, 39.37, 0],
		[104, "PAD18_3", 615, -825.63, "T", "DIP", "$1N750", "", "C", 62.992, 62.992, 39.37, 39.37, 0],
		[105, "PAD18_3", 615, -825.63, "B", "DIP", "$1N750", "", "C", 62.992, 62.992, 39.37, 39.37, 0],
		[106, "PAD19_2", 615, -904.37, "T", "DIP", "$1N745", "", "C", 62.992, 62.992, 39.37, 39.37, 0],
		[107, "PAD19_2", 615, -904.37, "B", "DIP", "$1N745", "", "C", 62.992, 62.992, 39.37, 39.37, 0],
		[108, "PAD20_1", 615, -983.11, "T", "DIP", "$1N414", "", "C", 62.992, 62.992, 39.37, 39.37, 0],
		[109, "PAD20_1", 615, -983.11, "B", "DIP", "$1N414", "", "C", 62.992, 62.992, 39.37, 39.37, 0]
	]
}
}