{
"lengthUnit": "mil",
"remark": ["fly_line"],
"components": {
	"fields": ["COMPONENT_NO", "COMPONENT_NAME", "LAYER", "X_COORDINATE", "Y_COORDINATE", "ANGLE"],
	"rows": [
		[1, "ESC1", "T", 300, -815, 180],
		[2, "SERVO1", "T", 885, -815, 180],
		[3, "U1", "T", 2153.331, -1968.935, 180],
		[4, "U6", "T", 2360, -765, 0],
		[5, "PAD1", "T", 3099.986, -1587.44, 0],
		[6, "PAD2", "T", 2699.986, -2350.43, 0],
		[7, "PAD3", "T", 2599.986, -1587.44, 0],
		[8, "PAD4", "T", 2299.986, -1587.44, 0],
		[9, "PAD5", "T", 2199.986, -1587.44, 0],
		[10, "PAD6", "T", 1699.986, -1587.44, 0],
		[11, "PAD7", "T", 1399.986, -1587.44, 0],
		[12, "PAD8", "T", 1299.986, -1587.44, 0],
		[13, "PAD9", "T", 1199.986, -1587.44, 0],
		[14, "PAD10", "T", 2310, -615, 0],
		[15, "PAD10", "B", 2310, -615, 0],
		[16, "PAD11", "T", 2310, -715, 0],
		[17, "PAD11", "B", 2310, -715, 0],
		[18, "PAD12", "T", 2310, -815, 0],
		[19, "PAD12", "B", 2310, -815, 0],
		[20, "PAD13", "T", 2310, -915, 0],
		[21, "PAD13", "B", 2310, -915, 0],
		[22, "PAD14", "T", 2410, -615, 0],
		[23, "PAD14", "B", 2410, -615, 0],
		[24, "PAD15", "T", 2410, -715, 0],
		[25, "PAD15", "B", 2410, -715, 0],
		[26, "PAD16", "T", 2410, -815, 0],
		[27, "PAD16", "B", 2410, -815, 0],
		[28, "PAD17", "T", 300, -615, 0],
		[29, "PAD17", "B", 300, -615, 0],
		[30, "PAD18", "T", 300, -715, 0],
		[31, "PAD18", "B", 300, -715, 0],
		[32, "PAD19", "T", 300, -815, 0],
		[33, "PAD19", "B", 300, -815, 0],
		[34, "PAD20", "T", 885, -615, 0],
		[35, "PAD20", "B", 885, -615, 0],
		[36, "PAD21", "T", 885, -715, 0],
		[37, "PAD21", "B", 885, -715, 0],
		[38, "PAD22", "T", 885, -815, 0],
		[39, "PAD22", "B", 885, -815, 0]
	]
},
"pins": {
	"fields": ["PIN_NO", "PIN_NAME", "PIN_X", "PIN_Y", "LAYER", "PIN_TYPE", "NET_NAME", "NET_TYPE", "PAD_SHAPE", "PAD_SIZEX", "PAD_SIZEY", "HOLE_SIZE", "HOLE_LEN", "PAD_ANGLE"],
	"rows": [
		[1, "ESC1_1", 300, -815, "T", "DIP", "$1N938", "", "O", 118.11, 60, 40, 40, 180],
		[2, "ESC1_1", 300, -815, "B", "DIP", "$1N938", "", "O", 118.11, 60, 40, 40, 180],
		[3, "ESC1_2", 300, -715, "T", "DIP", "+5V", "", "O", 118.11, 60, 40, 40, 180],
		[4, "ESC1_2", 300, -715, "B", "DIP", "+5V", "", "O", 118.11, 60, 40, 40, 180],
		[5, "ESC1_3", 300, -615, "T", "DIP", "$1N740", "", "R", 118.11, 60, 40, 40, 180],
		[6, "ESC1_3", 300, -615, "B", "DIP", "$1N740", "", "R", 118.11, 60, 40, 40, 180],
		[7, "SERVO1_1", 885, -815, "T", "DIP", "$1N859", "", "O", 118.11, 60, 40, 40, 180],
		[8, "SERVO1_1", 885, -815, "B", "DIP", "$1N859", "", "O", 118.11, 60, 40, 40, 180],
		[9, "SERVO1_2", 885, -715, "T", "DIP", "+5V", "", "O", 118.11, 60, 40, 40, 180],
		[10, "SERVO1_2", 885, -715, "B", "DIP", "+5V", "", "O", 118.11, 60, 40, 40, 180],
		[11, "SERVO1_3", 885, -615, "T", "DIP", "$1N740", "", "R", 118.11, 60, 40, 40, 180],
		[12, "SERVO1_3", 885, -615, "B", "DIP", "$1N740", "", "R", 118.11, 60, 40, 40, 180],
		[13, "U1_1", 3099.986, -1587.44, "T", "SMD", "$1N859", "", "R", 62.992, 125.984, 0, 0, 180],
		[14, "U1_2", 2999.986, -1587.44, "T", "SMD", "NET_1", "", "R", 62.992, 125.984, 0, 0, 180],
		[15, "U1_3", 2899.986, -1587.44, "T", "SMD", "NET_2", "", "R", 62.992, 125.984, 0, 0, 180],
		[16, "U1_4", 2799.986, -1587.44, "T", "SMD", "NET_3", "", "R", 62.992, 125.984, 0, 0, 180],
		[17, "U1_5", 2699.986, -1587.44, "T", "SMD", "NET_4", "", "R", 62.992, 125.984, 0, 0, 180],
		[18, "U1_6", 2599.986, -1587.44, "T", "SMD", "$1N372", "", "R", 62.992, 125.984, 0, 0, 180],
		[19, "U1_7", 2499.986, -1587.44, "T", "SMD", "NET_5", "", "R", 62.992, 125.984, 0, 0, 180],
		[20, "U1_8", 2399.986, -1587.44, "T", "SMD", "NET_6", "", "R", 62.992, 125.984, 0, 0, 180],
		[21, "U1_9", 2299.986, -1587.44, "T", "SMD", "$1N734", "", "R", 62.992, 125.984, 0, 0, 180],
		[22, "U1_10", 2199.986, -1587.44, "T", "SMD", "$1N373", "", "R", 62.992, 125.984, 0, 0, 180],
		[23, "U1_11", 2099.986, -1587.44, "T", "SMD", "NET_7", "", "R", 62.992, 125.984, 0, 0, 180],
		[24, "U1_12", 1999.986, -1587.44, "T", "SMD", "NET_8", "", "R", 62.992, 125.984, 0, 0, 180],
		[25, "U1_13", 1899.986, -1587.44, "T", "SMD", "NET_9", "", "R", 62.992, 125.984, 0, 0, 180],
		[26, "U1_14", 1799.986, -1587.44, "T", "SMD", "NET_10", "", "R", 62.992, 125.984, 0, 0, 180],
		[27, "U1_15", 1699.986, -1587.44, "T", "SMD", "$1N938", "", "R", 62.992, 125.984, 0, 0, 180],
		[28, "U1_16", 1599.986, -1587.44, "T", "SMD", "NET_11", "", "R", 62.992, 125.984, 0, 0, 180],
		[29, "U1_17", 1499.986, -1587.44, "T", "SMD", "NET_12", "", "R", 62.992, 125.984, 0, 0, 180],
		[30, "U1_18", 1399.986, -1587.44, "T", "SMD", "$1N740", "", "R", 62.992, 125.984, 0, 0, 180],
		[31, "U1_19", 1299.986, -1587.44, "T", "SMD", "$1N378", "", "R", 62.992, 125.984, 0, 0, 180],
		[32, "U1_20", 1199.986, -1587.44, "T", "SMD", "$1N379", "", "R", 62.992, 125.984, 0, 0, 180],
		[33, "U1_21", 1199.986, -2350.43, "T", "SMD", "NET_13", "", "R", 62.992, 125.984, 0, 0, 180],
		[34, "U1_22", 1299.986, -2350.43, "T", "SMD", "NET_14", "", "R", 62.992, 125.984, 0, 0, 180],
		[35, "U1_23", 1399.986, -2350.43, "T", "SMD", "NET_15", "", "R", 62.992, 125.984, 0, 0, 180],
		[36, "U1_24", 1499.986, -2350.43, "T", "SMD", "NET_16", "", "R", 62.992, 125.984, 0, 0, 180],
		[37, "U1_25", 1599.986, -2350.43, "T", "SMD", "NET_17", "", "R", 62.992, 125.984, 0, 0, 180],
		[38, "U1_26", 1699.986, -2350.43, "T", "SMD", "NET_18", "", "R", 62.992, 125.984, 0, 0, 180],
		[39, "U1_27", 1799.986, -2350.43, "T", "SMD", "NET_19", "", "R", 62.992, 125.984, 0, 0, 180],
		[40, "U1_28", 1899.986, -2350.43, "T", "SMD", "NET_20", "", "R", 62.992, 125.984, 0, 0, 180],
		[41, "U1_29", 1999.986, -2350.43, "T", "SMD", "NET_21", "", "R", 62.992, 125.984, 0, 0, 180],
		[42, "U1_30", 2099.986, -2350.43, "T", "SMD", "NET_22", "", "R", 62.992, 125.984, 0, 0, 180],
		[43, "U1_31", 2199.986, -2350.43, "T", "SMD", "NET_23", "", "R", 62.992, 125.984, 0, 0, 180],
		[44, "U1_32", 2299.986, -2350.43, "T", "SMD", "NET_24", "", "R", 62.992, 125.984, 0, 0, 180],
		[45, "U1_33", 2399.986, -2350.43, "T", "SMD", "NET_25", "", "R", 62.992, 125.984, 0, 0, 180],
		[46, "U1_34", 2499.986, -2350.43, "T", "SMD", "NET_26", "", "R", 62.992, 125.984, 0, 0, 180],
		[47, "U1_35", 2599.986, -2350.43, "T", "SMD", "NET_27", "", "R", 62.992, 125.984, 0, 0, 180],
		[48, "U1_36", 2699.986, -2350.43, "T", "SMD", "$1N414", "", "R", 62.992, 125.984, 0, 0, 180],
		[49, "U1_37", 2799.986, -2350.43, "T", "SMD", "NET_28", "", "R", 62.992, 125.984, 0, 0, 180],
		[50, "U1_38", 2899.986, -2350.43, "T", "SMD", "NET_29", "", "R", 62.992, 125.984, 0, 0, 180],
		[51, "U1_39", 2999.986, -2350.43, "T", "SMD", "NET_30", "", "R", 62.992, 125.984, 0, 0, 180],
		[52, "U1_40", 3099.986, -2350.43, "T", "SMD", "NET_31", "", "R", 62.992, 125.984, 0, 0, 180],
		[53, "U1_TP1", 2976.756, -1968.94, "T", "SMD", "NET_32", "", "R", 59.055, 59.055, 0, 0, 180],
		[54, "U1_TP2", 3106.676, -2008.31, "T", "SMD", "NET_33", "", "R", 59.055, 59.055, 0, 0, 180],
		[55, "U1_TP3", 3106.676, -1929.57, "T", "SMD", "NET_34", "", "R", 59.055, 59.055, 0, 0, 180],
		[56, "U1_TP4", 2779.906, -1870.52, "T", "SMD", "NET_35", "", "R", 59.055, 59.055, 0, 0, 180],
		[57, "U1_TP5", 2681.486, -1870.52, "T", "SMD", "NET_36", "", "R", 59.055, 59.055, 0, 0, 180],
		[58, "U1_TP6", 2583.056, -1870.52, "T", "SMD", "NET_37", "", "R", 59.055, 59.055, 0, 0, 180],
		[59, "U6_1", 2310, -615, "T", "DIP", "$1N740", "", "R", 74.016, 74.016, 40, 40, 180],
		[60, "U6_1", 2310, -615, "B", "DIP", "$1N740", "", "R", 74.016, 74.016, 40, 40, 180],
		[61, "U6_2", 2310, -715, "T", "DIP", "$1N378", "", "C", 74.016, 74.016, 40, 40, 180],
		[62, "U6_2", 2310, -715, "B", "DIP", "$1N378", "", "C", 74.016, 74.016, 40, 40, 180],
		[63, "U6_3", 2310, -815, "T", "DIP", "$1N734", "", "C", 74.016, 74.016, 40, 40, 180],
		[64, "U6_3", 2310, -815, "B", "DIP", "$1N734", "", "C", 74.016, 74.016, 40, 40, 180],
		[65, "U6_4", 2310, -915, "T", "DIP", "$1N372", "", "C", 74.016, 74.016, 40, 40, 180],
		[66, "U6_4", 2310, -915, "B", "DIP", "$1N372", "", "C", 74.016, 74.016, 40, 40, 180],
		[67, "U6_5", 2410, -615, "T", "DIP", "$1N414", "", "C", 74.016, 74.016, 40, 40, 180],
		[68, "U6_5", 2410, -615, "B", "DIP", "$1N414", "", "C", 74.016, 74.016, 40, 40, 180],
		[69, "U6_6", 2410, -715, "T", "DIP", "$1N379", "", "C", 74.016, 74.016, 40, 40, 180],
		[70, "U6_6", 2410, -715, "B", "DIP", "$1N379", "", "C", 74.016, 74.016, 40, 40, 180],
		[71, "U6_7", 2410, -815, "T", "DIP", "$1N373", "", "C", 74.016, 74.016, 40, 40, 180],
		[72, "U6_7", 2410, -815, "B", "DIP", "$1N373", "", "C", 74.016, 74.016, 40, 40, 180],
		[73, "U6_8", 2410, -915, "T", "DIP", "NET_38", "", "C", 74.016, 74.016, 40, 40, 180],
		[74, "U6_8", 2410, -915, "B", "DIP", "NET_38", "", "C", 74.016, 74.016, 40, 40, 180],
		[75, "PAD1_1", 3099.986, -1587.44, "T", "SMD", "$1N859", "", "R", 62.992, 125.984, 0, 0, 180],
		[76, "PAD2_36", 2699.986, -2350.43, "T", "SMD", "$1N414", "", "R", 62.992, 125.984, 0, 0, 180],
		[77, "PAD3_6", 2599.986, -1587.44, "T", "SMD", "$1N372", "", "R", 62.992, 125.984, 0, 0, 180],
		[78, "PAD4_9", 2299.986, -1587.44, "T", "SMD", "$1N734", "", "R", 62.992, 125.984, 0, 0, 180],
		[79, "PAD5_10", 2199.986, -1587.44, "T", "SMD", "$1N373", "", "R", 62.992, 125.984, 0, 0, 180],
		[80, "PAD6_15", 1699.986, -1587.44, "T", "SMD", "$1N938", "", "R", 62.992, 125.984, 0, 0, 180],
		[81, "PAD7_18", 1399.986, -1587.44, "T", "SMD", "$1N740", "", "R", 62.992, 125.984, 0, 0, 180],
		[82, "PAD8_19", 1299.986, -1587.44, "T", "SMD", "$1N378", "", "R", 62.992, 125.984, 0, 0, 180],
		[83, "PAD9_20", 1199.986, -1587.44, "T", "SMD", "$1N379", "", "R", 62.992, 125.984, 0, 0, 180],
		[84, "PAD10_1", 2310, -615, "T", "DIP", "$1N740", "", "R", 74.016, 74.016, 40, 40, 180],
		[85, "PAD10_1", 2310, -615, "B", "DIP", "$1N740", "", "R", 74.016, 74.016, 40, 40, 180],
		[86, "PAD11_2", 2310, -715, "T", "DIP", "$1N378", "", "C", 74.016, 74.016, 40, 40, 180],
		[87, "PAD11_2", 2310, -715, "B", "DIP", "$1N378", "", "C", 74.016, 74.016, 40, 40, 180],
		[88, "PAD12_3", 2310, -815, "T", "DIP", "$1N734", "", "C", 74.016, 74.016, 40, 40, 180],
		[89, "PAD12_3", 2310, -815, "B", "DIP", "$1N734", "", "C", 74.016, 74.016, 40, 40, 180],
		[90, "PAD13_4", 2310, -915, "T", "DIP", "$1N372", "", "C", 74.016, 74.016, 40, 40, 180],
		[91, "PAD13_4", 2310, -915, "B", "DIP", "$1N372", "", "C", 74.016, 74.016, 40, 40, 180],
		[92, "PAD14_5", 2410, -615, "T", "DIP", "$1N414", "", "C", 74.016, 74.016, 40, 40, 180],
		[93, "PAD14_5", 2410, -615, "B", "DIP", "$1N414", "", "C", 74.016, 74.016, 40, 40, 180],
		[94, "PAD15_6", 2410, -715, "T", "DIP", "$1N379", "", "C", 74.016, 74.016, 40, 40, 180],
		[95, "PAD15_6", 2410, -715, "B", "DIP", "$1N379", "", "C", 74.016, 74.016, 40, 40, 180],
		[96, "PAD16_7", 2410, -815, "T", "DIP", "$1N373", "", "C", 74.016, 74.016, 40, 40, 180],
		[97, "PAD16_7", 2410, -815, "B", "DIP", "$1N373", "", "C", 74.016, 74.016, 40, 40, 180],
		[98, "PAD17_3", 300, -615, "T", "DIP", "$1N740", "", "R", 118.11, 60, 40, 40, 180],
		[99, "PAD17_3", 300, -615, "B", "DIP", "$1N740", "", "R", 118.11, 60, 40, 40, 180],
		[100, "PAD18_2", 300, -715, "T", "DIP", "+5V", "", "O", 118.11, 60, 40, 40, 180],
		[101, "PAD18_2", 300, -715, "B", "DIP", "+5V", "", "O", 118.11, 60, 40, 40, 180],
		[102, "PAD19_1", 300, -815, "T", "DIP", "$1N938", "", "O", 118.11, 60, 40, 40, 180],
		[103, "PAD19_1", 300, -815, "B", "DIP", "$1N938", "", "O", 118.11, 60, 40, 40, 180],
		[104, "PAD20_3", 885, -615, "T", "DIP", "$1N740", "", "R", 118.11, 60, 40, 40, 180],
		[105, "PAD20_3", 885, -615, "B", "DIP", "$1N740", "", "R", 118.11, 60, 40, 40, 180],
		[106, "PAD21_2", 885, -715, "T", "DIP", "+5V", "", "O", 118.11, 60, 40, 40, 180],
		[107, "PAD21_2", 885, -715, "B", "DIP", "+5V", "", "O", 118.11, 60, 40, 40, 180],
		[108, "PAD22_1", 885, -815, "T", "DIP", "$1N859", "", "O", 118.11, 60, 40, 40, 180],
		[109, "PAD22_1", 885, -815, "B", "DIP", "$1N859", "", "O", 118.11, 60, 40, 40, 180]
	]
}
}