{
"lengthUnit": "mil",
"remark": [],
"components": {
	"fields": ["COMPONENT_NO", "COMPONENT_NAME", "LAYER", "X_COORDINATE", "Y_COORDINATE", "ANGLE"],
	"rows": [
		[1, "M1", "T", 625, -2770, 270],
		[2, "U1", "T", 2055, -1450, 0],
		[3, "U4", "T", 2745, -375, 0],
		[4, "U5", "T", 4105, -1350, 270],
		[5, "U6", "T", 180, -1515, 0],
		[6, "U9", "T", 2490, -2850, 270],
		[7, "U10", "B", 2055, -1450, 0],
		[8, "U$1", "T", 3110, -3110, 0],
		[9, "PAD1", "T", 2570, -190, 0],
		[10, "PAD1", "B", 2570, -190, 0],
		[11, "PAD2", "T", 2465, -185, 0],
		[12, "PAD2", "B", 2465, -185, 0],
		[13, "PAD3", "T", 1385, -2830, 0],
		[14, "PAD3", "B", 1385, -2830, 0],
		[15, "PAD4", "T", 1285, -2830, 0],
		[16, "PAD4", "B", 1285, -2830, 0],
		[17, "PAD5", "T", 1185, -2830, 0],
		[18, "PAD5", "B", 1185, -2830, 0],
		[19, "PAD6", "T", 1085, -2830, 0],
		[20, "PAD6", "B", 1085, -2830, 0],
		[21, "PAD7", "T", 1108.345, -1831.495, 0],
		[22, "PAD8", "T", 1208.345, -1831.495, 0],
		[23, "PAD9", "T", 1308.345, -1831.495, 0],
		[24, "PAD10", "T", 1308.345, -1068.505, 0],
		[25, "PAD11", "T", 1508.345, -1068.505, 0],
		[26, "PAD12", "T", 1608.345, -1831.495, 0],
		[27, "PAD13", "T", 1908.345, -1831.495, 0],
		[28, "PAD14", "T", 2008.345, -1831.495, 0],
		[29, "PAD15", "T", 2008.345, -1068.505, 0],
		[30, "PAD16", "T", 2108.345, -1831.495, 0],
		[31, "PAD17", "T", 2208.345, -1831.495, 0],
		[32, "PAD18", "T", 2408.345, -1831.495, 0],
		[33, "PAD19", "T", 2408.345, -1068.505, 0],
		[34, "PAD20", "T", 2508.345, -1068.505, 0],
		[35, "PAD21", "T", 2808.345, -1831.495, 0],
		[36, "PAD22", "T", 2808.345, -1068.505, 0],
		[37, "PAD23", "T", 2908.345, -1831.495, 0],
		[38, "PAD24", "T", 3008.345, -1831.495, 0],
		[39, "PAD25", "T", 2695, -375, 0],
		[40, "PAD25", "B", 2695, -375, 0],
		[41, "PAD26", "T", 2745, -375, 0],
		[42, "PAD26", "B", 2745, -375, 0],
		[43, "PAD27", "T", 2795, -375, 0],
		[44, "PAD27", "B", 2795, -375, 0],
		[45, "PAD28", "T", 4145, -1468.7402, 0],
		[46, "PAD28", "B", 4145, -1468.7402, 0],
		[47, "PAD29", "T", 4145, -1547.4804, 0],
		[48, "PAD29", "B", 4145, -1547.4804, 0],
		[49, "PAD30", "T", 4145, -1626.2206, 0],
		[50, "PAD30", "B", 4145, -1626.2206, 0],
		[51, "PAD31", "T", 130, -1365, 0],
		[52, "PAD31", "B", 130, -1365, 0],
		[53, "PAD32", "T", 130, -1465, 0],
		[54, "PAD32", "B", 130, -1465, 0],
		[55, "PAD33", "T", 130, -1565, 0],
		[56, "PAD33", "B", 130, -1565, 0],
		[57, "PAD34", "T", 130, -1665, 0],
		[58, "PAD34", "B", 130, -1665, 0],
		[59, "PAD35", "T", 230, -1365, 0],
		[60, "PAD35", "B", 230, -1365, 0],
		[61, "PAD36", "T", 230, -1465, 0],
		[62, "PAD36", "B", 230, -1465, 0],
		[63, "PAD37", "T", 230, -1565, 0],
		[64, "PAD37", "B", 230, -1565, 0],
		[65, "PAD38", "T", 3110, -3110, 0],
		[66, "PAD38", "B", 3110, -3110, 0],
		[67, "PAD39", "T", 3110, -3010.0002, 0],
		[68, "PAD39", "B", 3110, -3010.0002, 0],
		[69, "PAD40", "T", 3110, -2910.0004, 0],
		[70, "PAD40", "B", 3110, -2910.0004, 0],
		[71, "PAD41", "T", 3110, -2810.0006, 0],
		[72, "PAD41", "B", 3110, -2810.0006, 0],
		[73, "PAD42", "T", 2090, -2850, 0],
		[74, "PAD42", "B", 2090, -2850, 0],
		[75, "PAD43", "T", 1990, -2850, 0],
		[76, "PAD43", "B", 1990, -2850, 0],
		[77, "PAD44", "T", 1890, -2850, 0],
		[78, "PAD44", "B", 1890, -2850, 0],
		[79, "PAD45", "T", 1790, -2850, 0],
		[80, "PAD45", "B", 1790, -2850, 0]
	]
},
"pins": {
	"fields": ["PIN_NO", "PIN_NAME", "PIN_X", "PIN_Y", "LAYER", "PIN_TYPE", "NET_NAME", "NET_TYPE", "PAD_SHAPE", "PAD_SIZEX", "PAD_SIZEY", "HOLE_SIZE", "HOLE_LEN", "PAD_ANGLE"],
	"rows": [
		[1, "M1_AD0", 785, -2830, "T", "DIP", "NET_1", "", "C", 60, 60, 36, 36, 270],
		[2, "M1_AD0", 785, -2830, "B", "DIP", "NET_1", "", "C", 60, 60, 36, 36, 270],
		[3, "M1_GND", 1285, -2830, "T", "DIP", "$1N883", "", "C", 60, 60, 36, 36, 270],
		[4, "M1_GND", 1285, -2830, "B", "DIP", "$1N883", "", "C", 60, 60, 36, 36, 270],
		[5, "M1_INT", 685, -2830, "T", "DIP", "NET_2", "", "C", 60, 60, 36, 36, 270],
		[6, "M1_INT", 685, -2830, "B", "DIP", "NET_2", "", "C", 60, 60, 36, 36, 270],
		[7, "M1_SCL", 1185, -2830, "T", "DIP", "$1N1135", "", "C", 60, 60, 36, 36, 270],
		[8, "M1_SCL", 1185, -2830, "B", "DIP", "$1N1135", "", "C", 60, 60, 36, 36, 270],
		[9, "M1_SDA", 1085, -2830, "T", "DIP", "$1N1163", "", "C", 60, 60, 36, 36, 270],
		[10, "M1_SDA", 1085, -2830, "B", "DIP", "$1N1163", "", "C", 60, 60, 36, 36, 270],
		[11, "M1_VCC", 1385, -2830, "T", "DIP", "$1N427", "", "C", 60, 60, 36, 36, 270],
		[12, "M1_VCC", 1385, -2830, "B", "DIP", "$1N427", "", "C", 60, 60, 36, 36, 270],
		[13, "M1_XCL", 885, -2830, "T", "DIP", "NET_3", "", "C", 60, 60, 36, 36, 270],
		[14, "M1_XCL", 885, -2830, "B", "DIP", "NET_3", "", "C", 60, 60, 36, 36, 270],
		[15, "M1_XDA", 985, -2830, "T", "DIP", "NET_4", "", "C", 60, 60, 36, 36, 270],
		[16, "M1_XDA", 985, -2830, "B", "DIP", "NET_4", "", "C", 60, 60, 36, 36, 270],
		[17, "U1_1", 1108.345, -1831.495, "T", "SMD", "$1N1163", "", "R", 62.992, 125.984, 0, 0, 0],
		[18, "U1_2", 1208.345, -1831.495, "T", "SMD", "$1N1135", "", "R", 62.992, 125.984, 0, 0, 0],
		[19, "U1_3", 1308.345, -1831.495, "T", "SMD", "$1N2000", "", "R", 62.992, 125.984, 0, 0, 0],
		[20, "U1_4", 1408.345, -1831.495, "T", "SMD", "NET_5", "", "R", 62.992, 125.984, 0, 0, 0],
		[21, "U1_5", 1508.345, -1831.495, "T", "SMD", "NET_6", "", "R", 62.992, 125.984, 0, 0, 0],
		[22, "U1_6", 1608.345, -1831.495, "T", "SMD", "$1N842", "", "R", 62.992, 125.984, 0, 0, 0],
		[23, "U1_7", 1708.345, -1831.495, "T", "SMD", "NET_7", "", "R", 62.992, 125.984, 0, 0, 0],
		[24, "U1_8", 1808.345, -1831.495, "T", "SMD", "NET_8", "", "R", 62.992, 125.984, 0, 0, 0],
		[25, "U1_9", 1908.345, -1831.495, "T", "SMD", "$1N862", "", "R", 62.992, 125.984, 0, 0, 0],
		[26, "U1_10", 2008.345, -1831.495, "T", "SMD", "$1N806", "", "R", 62.992, 125.984, 0, 0, 0],
		[27, "U1_11", 2108.345, -1831.495, "T", "SMD", "$1N568", "", "R", 62.992, 125.984, 0, 0, 0],
		[28, "U1_12", 2208.345, -1831.495, "T", "SMD", "$1N578", "", "R", 62.992, 125.984, 0, 0, 0],
		[29, "U1_13", 2308.345, -1831.495, "T", "SMD", "NET_9", "", "R", 62.992, 125.984, 0, 0, 0],
		[30, "U1_14", 2408.345, -1831.495, "T", "SMD", "$1N483", "", "R", 62.992, 125.984, 0, 0, 0],
		[31, "U1_15", 2508.345, -1831.495, "T", "SMD", "NET_10", "", "R", 62.992, 125.984, 0, 0, 0],
		[32, "U1_16", 2608.345, -1831.495, "T", "SMD", "NET_11", "", "R", 62.992, 125.984, 0, 0, 0],
		[33, "U1_17", 2708.345, -1831.495, "T", "SMD", "NET_12", "", "R", 62.992, 125.984, 0, 0, 0],
		[34, "U1_18", 2808.345, -1831.495, "T", "SMD", "$1N883", "", "R", 62.992, 125.984, 0, 0, 0],
		[35, "U1_19", 2908.345, -1831.495, "T", "SMD", "$1N812", "", "R", 62.992, 125.984, 0, 0, 0],
		[36, "U1_20", 3008.345, -1831.495, "T", "SMD", "$1N868", "", "R", 62.992, 125.984, 0, 0, 0],
		[37, "U1_21", 3008.345, -1068.505, "T", "SMD", "NET_13", "", "R", 62.992, 125.984, 0, 0, 0],
		[38, "U1_22", 2908.345, -1068.505, "T", "SMD", "NET_14", "", "R", 62.992, 125.984, 0, 0, 0],
		[39, "U1_23", 2808.345, -1068.505, "T", "SMD", "$1N415", "", "R", 62.992, 125.984, 0, 0, 0],
		[40, "U1_24", 2708.345, -1068.505, "T", "SMD", "NET_15", "", "R", 62.992, 125.984, 0, 0, 0],
		[41, "U1_25", 2608.345, -1068.505, "T", "SMD", "NET_16", "", "R", 62.992, 125.984, 0, 0, 0],
		[42, "U1_26", 2508.345, -1068.505, "T", "SMD", "$1N2304", "", "R", 62.992, 125.984, 0, 0, 0],
		[43, "U1_27", 2408.345, -1068.505, "T", "SMD", "$1N2297", "", "R", 62.992, 125.984, 0, 0, 0],
		[44, "U1_28", 2308.345, -1068.505, "T", "SMD", "NET_17", "", "R", 62.992, 125.984, 0, 0, 0],
		[45, "U1_29", 2208.345, -1068.505, "T", "SMD", "NET_18", "", "R", 62.992, 125.984, 0, 0, 0],
		[46, "U1_30", 2108.345, -1068.505, "T", "SMD", "NET_19", "", "R", 62.992, 125.984, 0, 0, 0],
		[47, "U1_31", 2008.345, -1068.505, "T", "SMD", "$1N421", "", "R", 62.992, 125.984, 0, 0, 0],
		[48, "U1_32", 1908.345, -1068.505, "T", "SMD", "NET_20", "", "R", 62.992, 125.984, 0, 0, 0],
		[49, "U1_33", 1808.345, -1068.505, "T", "SMD", "NET_21", "", "R", 62.992, 125.984, 0, 0, 0],
		[50, "U1_34", 1708.345, -1068.505, "T", "SMD", "NET_22", "", "R", 62.992, 125.984, 0, 0, 0],
		[51, "U1_35", 1608.345, -1068.505, "T", "SMD", "NET_23", "", "R", 62.992, 125.984, 0, 0, 0],
		[52, "U1_36", 1508.345, -1068.505, "T", "SMD", "$1N427", "", "R", 62.992, 125.984, 0, 0, 0],
		[53, "U1_37", 1408.345, -1068.505, "T", "SMD", "NET_24", "", "R", 62.992, 125.984, 0, 0, 0],
		[54, "U1_38", 1308.345, -1068.505, "T", "SMD", "$1N2335", "", "R", 62.992, 125.984, 0, 0, 0],
		[55, "U1_39", 1208.345, -1068.505, "T", "SMD", "NET_25", "", "R", 62.992, 125.984, 0, 0, 0],
		[56, "U1_40", 1108.345, -1068.505, "T", "SMD", "NET_26", "", "R", 62.992, 125.984, 0, 0, 0],
		[57, "U1_TP1", 1231.575, -1449.995, "T", "SMD", "NET_27", "", "R", 59.055, 59.055, 0, 0, 0],
		[58, "U1_TP2", 1101.655, -1410.625, "T", "SMD", "NET_28", "", "R", 59.055, 59.055, 0, 0, 0],
		[59, "U1_TP3", 1101.655, -1489.365, "T", "SMD", "NET_29", "", "R", 59.055, 59.055, 0, 0, 0],
		[60, "U1_TP4", 1428.425, -1548.415, "T", "SMD", "NET_30", "", "R", 59.055, 59.055, 0, 0, 0],
		[61, "U1_TP5", 1526.845, -1548.415, "T", "SMD", "NET_31", "", "R", 59.055, 59.055, 0, 0, 0],
		[62, "U1_TP6", 1625.275, -1548.415, "T", "SMD", "NET_32", "", "R", 59.055, 59.055, 0, 0, 0],
		[63, "U4_1", 2695, -375, "T", "DIP", "$1N427", "", "R", 42.126, 59.055, 33.464, 33.464, 0],
		[64, "U4_1", 2695, -375, "B", "DIP", "$1N427", "", "R", 42.126, 59.055, 33.464, 33.464, 0],
		[65, "U4_2", 2745, -375, "T", "DIP", "$1N421", "", "O", 42.126, 59.055, 33.464, 33.464, 0],
		[66, "U4_2", 2745, -375, "B", "DIP", "$1N421", "", "O", 42.126, 59.055, 33.464, 33.464, 0],
		[67, "U4_3", 2795, -375, "T", "DIP", "$1N415", "", "O", 42.126, 59.055, 33.464, 33.464, 0],
		[68, "U4_3", 2795, -375, "B", "DIP", "$1N415", "", "O", 42.126, 59.055, 33.464, 33.464, 0],
		[69, "U5_1", 4145, -1390, "T", "DIP", "NET_33", "", "C", 60, 60, 36, 36, 270],
		[70, "U5_1", 4145, -1390, "B", "DIP", "NET_33", "", "C", 60, 60, 36, 36, 270],
		[71, "U5_2", 4145, -1468.7402, "T", "DIP", "$1N483", "", "C", 60, 60, 36, 36, 270],
		[72, "U5_2", 4145, -1468.7402, "B", "DIP", "$1N483", "", "C", 60, 60, 36, 36, 270],
		[73, "U5_3", 4145, -1547.4804, "T", "DIP", "$1N415", "", "C", 60, 60, 36, 36, 270],
		[74, "U5_3", 4145, -1547.4804, "B", "DIP", "$1N415", "", "C", 60, 60, 36, 36, 270],
		[75, "U5_4", 4145, -1626.2206, "T", "DIP", "$1N427", "", "C", 60, 60, 36, 36, 270],
		[76, "U5_4", 4145, -1626.2206, "B", "DIP", "$1N427", "", "C", 60, 60, 36, 36, 270],
		[77, "U6_1", 130, -1365, "T", "DIP", "$1N2335", "", "R", 74.016, 74.016, 40, 40, 180],
		[78, "U6_1", 130, -1365, "B", "DIP", "$1N2335", "", "R", 74.016, 74.016, 40, 40, 180],
		[79, "U6_2", 130, -1465, "T", "DIP", "$1N868", "", "C", 74.016, 74.016, 40, 40, 180],
		[80, "U6_2", 130, -1465, "B", "DIP", "$1N868", "", "C", 74.016, 74.016, 40, 40, 180],
		[81, "U6_3", 130, -1565, "T", "DIP", "$1N862", "", "C", 74.016, 74.016, 40, 40, 180],
		[82, "U6_3", 130, -1565, "B", "DIP", "$1N862", "", "C", 74.016, 74.016, 40, 40, 180],
		[83, "U6_4", 130, -1665, "T", "DIP", "$1N842", "", "C", 74.016, 74.016, 40, 40, 180],
		[84, "U6_4", 130, -1665, "B", "DIP", "$1N842", "", "C", 74.016, 74.016, 40, 40, 180],
		[85, "U6_5", 230, -1365, "T", "DIP", "$1N427", "", "C", 74.016, 74.016, 40, 40, 180],
		[86, "U6_5", 230, -1365, "B", "DIP", "$1N427", "", "C", 74.016, 74.016, 40, 40, 180],
		[87, "U6_6", 230, -1465, "T", "DIP", "$1N812", "", "C", 74.016, 74.016, 40, 40, 180],
		[88, "U6_6", 230, -1465, "B", "DIP", "$1N812", "", "C", 74.016, 74.016, 40, 40, 180],
		[89, "U6_7", 230, -1565, "T", "DIP", "$1N806", "", "C", 74.016, 74.016, 40, 40, 180],
		[90, "U6_7", 230, -1565, "B", "DIP", "$1N806", "", "C", 74.016, 74.016, 40, 40, 180],
		[91, "U6_8", 230, -1665, "T", "DIP", "NET_34", "", "C", 74.016, 74.016, 40, 40, 180],
		[92, "U6_8", 230, -1665, "B", "DIP", "NET_34", "", "C", 74.016, 74.016, 40, 40, 180],
		[93, "U9_1", 2490, -2850, "T", "DIP", "NET_35", "", "C", 60, 60, 36, 36, 270],
		[94, "U9_1", 2490, -2850, "B", "DIP", "NET_35", "", "C", 60, 60, 36, 36, 270],
		[95, "U9_2", 2390, -2850, "T", "DIP", "NET_36", "", "C", 60, 60, 36, 36, 270],
		[96, "U9_2", 2390, -2850, "B", "DIP", "NET_36", "", "C", 60, 60, 36, 36, 270],
		[97, "U9_3", 2290, -2850, "T", "DIP", "NET_37", "", "C", 60, 60, 36, 36, 270],
		[98, "U9_3", 2290, -2850, "B", "DIP", "NET_37", "", "C", 60, 60, 36, 36, 270],
		[99, "U9_4", 2190, -2850, "T", "DIP", "NET_38", "", "C", 60, 60, 36, 36, 270],
		[100, "U9_4", 2190, -2850, "B", "DIP", "NET_38", "", "C", 60, 60, 36, 36, 270],
		[101, "U9_5", 2090, -2850, "T", "DIP", "$1N1163", "", "C", 60, 60, 36, 36, 270],
		[102, "U9_5", 2090, -2850, "B", "DIP", "$1N1163", "", "C", 60, 60, 36, 36, 270],
		[103, "U9_6", 1990, -2850, "T", "DIP", "$1N1135", "", "C", 60, 60, 36, 36, 270],
		[104, "U9_6", 1990, -2850, "B", "DIP", "$1N1135", "", "C", 60, 60, 36, 36, 270],
		[105, "U9_7", 1890, -2850, "T", "DIP", "$1N2000", "", "C", 60, 60, 36, 36, 270],
		[106, "U9_7", 1890, -2850, "B", "DIP", "$1N2000", "", "C", 60, 60, 36, 36, 270],
		[107, "U9_8", 1790, -2850, "T", "DIP", "$1N427", "", "C", 60, 60, 36, 36, 270],
		[108, "U9_8", 1790, -2850, "B", "DIP", "$1N427", "", "C", 60, 60, 36, 36, 270],
		[109, "U10_1", 1108.345, -1068.505, "B", "SMD", "NET_39", "", "R", 62.992, 125.984, 0, 0, 0],
		[110, "U10_2", 1208.345, -1068.505, "B", "SMD", "NET_40", "", "R", 62.992, 125.984, 0, 0, 0],
		[111, "U10_3", 1308.345, -1068.505, "B", "SMD", "NET_41", "", "R", 62.992, 125.984, 0, 0, 0],
		[112, "U10_4", 1408.345, -1068.505, "B", "SMD", "NET_42", "", "R", 62.992, 125.984, 0, 0, 0],
		[113, "U10_5", 1508.345, -1068.505, "B", "SMD", "NET_43", "", "R", 62.992, 125.984, 0, 0, 0],
		[114, "U10_6", 1608.345, -1068.505, "B", "SMD", "NET_44", "", "R", 62.992, 125.984, 0, 0, 0],
		[115, "U10_7", 1708.345, -1068.505, "B", "SMD", "NET_45", "", "R", 62.992, 125.984, 0, 0, 0],
		[116, "U10_8", 1808.345, -1068.505, "B", "SMD", "NET_46", "", "R", 62.992, 125.984, 0, 0, 0],
		[117, "U10_9", 1908.345, -1068.505, "B", "SMD", "NET_47", "", "R", 62.992, 125.984, 0, 0, 0],
		[118, "U10_10", 2008.345, -1068.505, "B", "SMD", "NET_48", "", "R", 62.992, 125.984, 0, 0, 0],
		[119, "U10_11", 2108.345, -1068.505, "B", "SMD", "NET_49", "", "R", 62.992, 125.984, 0, 0, 0],
		[120, "U10_12", 2208.345, -1068.505, "B", "SMD", "NET_50", "", "R", 62.992, 125.984, 0, 0, 0],
		[121, "U10_13", 2308.345, -1068.505, "B", "SMD", "NET_51", "", "R", 62.992, 125.984, 0, 0, 0],
		[122, "U10_14", 2408.345, -1068.505, "B", "SMD", "NET_52", "", "R", 62.992, 125.984, 0, 0, 0],
		[123, "U10_15", 2508.345, -1068.505, "B", "SMD", "NET_53", "", "R", 62.992, 125.984, 0, 0, 0],
		[124, "U10_16", 2608.345, -1068.505, "B", "SMD", "NET_54", "", "R", 62.992, 125.984, 0, 0, 0],
		[125, "U10_17", 2708.345, -1068.505, "B", "SMD", "NET_55", "", "R", 62.992, 125.984, 0, 0, 0],
		[126, "U10_18", 2808.345, -1068.505, "B", "SMD", "NET_56", "", "R", 62.992, 125.984, 0, 0, 0],
		[127, "U10_19", 2908.345, -1068.505, "B", "SMD", "NET_57", "", "R", 62.992, 125.984, 0, 0, 0],
		[128, "U10_20", 3008.345, -1068.505, "B", "SMD", "NET_58", "", "R", 62.992, 125.984, 0, 0, 0],
		[129, "U10_21", 3008.345, -1831.495, "B", "SMD", "NET_59", "", "R", 62.992, 125.984, 0, 0, 0],
		[130, "U10_22", 2908.345, -1831.495, "B", "SMD", "NET_60", "", "R", 62.992, 125.984, 0, 0, 0],
		[131, "U10_23", 2808.345, -1831.495, "B", "SMD", "NET_61", "", "R", 62.992, 125.984, 0, 0, 0],
		[132, "U10_24", 2708.345, -1831.495, "B", "SMD", "NET_62", "", "R", 62.992, 125.984, 0, 0, 0],
		[133, "U10_25", 2608.345, -1831.495, "B", "SMD", "NET_63", "", "R", 62.992, 125.984, 0, 0, 0],
		[134, "U10_26", 2508.345, -1831.495, "B", "SMD", "NET_64", "", "R", 62.992, 125.984, 0, 0, 0],
		[135, "U10_27", 2408.345, -1831.495, "B", "SMD", "NET_65", "", "R", 62.992, 125.984, 0, 0, 0],
		[136, "U10_28", 2308.345, -1831.495, "B", "SMD", "NET_66", "", "R", 62.992, 125.984, 0, 0, 0],
		[137, "U10_29", 2208.345, -1831.495, "B", "SMD", "NET_67", "", "R", 62.992, 125.984, 0, 0, 0],
		[138, "U10_30", 2108.345, -1831.495, "B", "SMD", "NET_68", "", "R", 62.992, 125.984, 0, 0, 0],
		[139, "U10_31", 2008.345, -1831.495, "B", "SMD", "NET_69", "", "R", 62.992, 125.984, 0, 0, 0],
		[140, "U10_32", 1908.345, -1831.495, "B", "SMD", "NET_70", "", "R", 62.992, 125.984, 0, 0, 0],
		[141, "U10_33", 1808.345, -1831.495, "B", "SMD", "NET_71", "", "R", 62.992, 125.984, 0, 0, 0],
		[142, "U10_34", 1708.345, -1831.495, "B", "SMD", "NET_72", "", "R", 62.992, 125.984, 0, 0, 0],
		[143, "U10_35", 1608.345, -1831.495, "B", "SMD", "NET_73", "", "R", 62.992, 125.984, 0, 0, 0],
		[144, "U10_36", 1508.345, -1831.495, "B", "SMD", "NET_74", "", "R", 62.992, 125.984, 0, 0, 0],
		[145, "U10_37", 1408.345, -1831.495, "B", "SMD", "NET_75", "", "R", 62.992, 125.984, 0, 0, 0],
		[146, "U10_38", 1308.345, -1831.495, "B", "SMD", "NET_76", "", "R", 62.992, 125.984, 0, 0, 0],
		[147, "U10_39", 1208.345, -1831.495, "B", "SMD", "NET_77", "", "R", 62.992, 125.984, 0, 0, 0],
		[148, "U10_40", 1108.345, -1831.495, "B", "SMD", "NET_78", "", "R", 62.992, 125.984, 0, 0, 0],
		[149, "U10_TP1", 1231.575, -1450.005, "B", "SMD", "NET_79", "", "R", 59.055, 59.055, 0, 0, 0],
		[150, "U10_TP2", 1101.655, -1489.375, "B", "SMD", "NET_80", "", "R", 59.055, 59.055, 0, 0, 0],
		[151, "U10_TP3", 1101.655, -1410.635, "B", "SMD", "NET_81", "", "R", 59.055, 59.055, 0, 0, 0],
		[152, "U10_TP4", 1428.425, -1351.585, "B", "SMD", "NET_82", "", "R", 59.055, 59.055, 0, 0, 0],
		[153, "U10_TP5", 1526.845, -1351.585, "B", "SMD", "NET_83", "", "R", 59.055, 59.055, 0, 0, 0],
		[154, "U10_TP6", 1625.275, -1351.585, "B", "SMD", "NET_84", "", "R", 59.055, 59.055, 0, 0, 0],
		[155, "U$1_GND", 3110, -2810.0006, "T", "DIP", "$1N415", "", "C", 65.9999, 65.9999, 39.37, 39.37, 0],
		[156, "U$1_GND", 3110, -2810.0006, "B", "DIP", "$1N415", "", "C", 65.9999, 65.9999, 39.37, 39.37, 0],
		[157, "U$1_P$5", 3122.5, -2535.0012, "T", "DIP", "NET_85", "", "C", 129.921, 129.921, 118.11, 118.11, 0],
		[158, "U$1_P$5", 3122.5, -2535.0012, "B", "DIP", "NET_85", "", "C", 129.921, 129.921, 118.11, 118.11, 0],
		[159, "U$1_P$6", 3122.5, -3384.9995, "T", "DIP", "NET_86", "", "C", 129.921, 129.921, 118.11, 118.11, 0],
		[160, "U$1_P$6", 3122.5, -3384.9995, "B", "DIP", "NET_86", "", "C", 129.921, 129.921, 118.11, 118.11, 0],
		[161, "U$1_P$7", 4384.9974, -3384.9995, "T", "DIP", "NET_87", "", "C", 129.921, 129.921, 118.11, 118.11, 0],
		[162, "U$1_P$7", 4384.9974, -3384.9995, "B", "DIP", "NET_87", "", "C", 129.921, 129.921, 118.11, 118.11, 0],
		[163, "U$1_P$8", 4384.9974, -2535.0012, "T", "DIP", "NET_88", "", "C", 129.921, 129.921, 118.11, 118.11, 0],
		[164, "U$1_P$8", 4384.9974, -2535.0012, "B", "DIP", "NET_88", "", "C", 129.921, 129.921, 118.11, 118.11, 0],
		[165, "U$1_RX", 3110, -3010.0002, "T", "DIP", "$1N568", "", "C", 65.9999, 65.9999, 39.37, 39.37, 0],
		[166, "U$1_RX", 3110, -3010.0002, "B", "DIP", "$1N568", "", "C", 65.9999, 65.9999, 39.37, 39.37, 0],
		[167, "U$1_TX", 3110, -2910.0004, "T", "DIP", "$1N578", "", "C", 65.9999, 65.9999, 39.37, 39.37, 0],
		[168, "U$1_TX", 3110, -2910.0004, "B", "DIP", "$1N578", "", "C", 65.9999, 65.9999, 39.37, 39.37, 0],
		[169, "U$1_VCC", 3110, -3110, "T", "DIP", "$1N427", "", "C", 65.9999, 65.9999, 39.37, 39.37, 0],
		[170, "U$1_VCC", 3110, -3110, "B", "DIP", "$1N427", "", "C", 65.9999, 65.9999, 39.37, 39.37, 0],
		[171, "PAD1_1", 2570, -190, "T", "DIP", "$1N2304", "", "C", 60, 60, 36, 36, 0],
		[172, "PAD1_1", 2570, -190, "B", "DIP", "$1N2304", "", "C", 60, 60, 36, 36, 0],
		[173, "PAD2_2", 2465, -185, "T", "DIP", "$1N2297", "", "C", 60, 60, 36, 36, 0],
		[174, "PAD2_2", 2465, -185, "B", "DIP", "$1N2297", "", "C", 60, 60, 36, 36, 0],
		[175, "PAD3_VCC", 1385, -2830, "T", "DIP", "$1N427", "", "C", 60, 60, 36, 36, 270],
		[176, "PAD3_VCC", 1385, -2830, "B", "DIP", "$1N427", "", "C", 60, 60, 36, 36, 270],
		[177, "PAD4_GND", 1285, -2830, "T", "DIP", "$1N883", "", "C", 60, 60, 36, 36, 270],
		[178, "PAD4_GND", 1285, -2830, "B", "DIP", "$1N883", "", "C", 60, 60, 36, 36, 270],
		[179, "PAD5_SCL", 1185, -2830, "T", "DIP", "$1N1135", "", "C", 60, 60, 36, 36, 270],
		[180, "PAD5_SCL", 1185, -2830, "B", "DIP", "$1N1135", "", "C", 60, 60, 36, 36, 270],
		[181, "PAD6_SDA", 1085, -2830, "T", "DIP", "$1N1163", "", "C", 60, 60, 36, 36, 270],
		[182, "PAD6_SDA", 1085, -2830, "B", "DIP", "$1N1163", "", "C", 60, 60, 36, 36, 270],
		[183, "PAD7_1", 1108.345, -1831.495, "T", "SMD", "$1N1163", "", "R", 62.992, 125.984, 0, 0, 0],
		[184, "PAD8_2", 1208.345, -1831.495, "T", "SMD", "$1N1135", "", "R", 62.992, 125.984, 0, 0, 0],
		[185, "PAD9_3", 1308.345, -1831.495, "T", "SMD", "$1N2000", "", "R", 62.992, 125.984, 0, 0, 0],
		[186, "PAD10_38", 1308.345, -1068.505, "T", "SMD", "$1N2335", "", "R", 62.992, 125.984, 0, 0, 0],
		[187, "PAD11_36", 1508.345, -1068.505, "T", "SMD", "$1N427", "", "R", 62.992, 125.984, 0, 0, 0],
		[188, "PAD12_6", 1608.345, -1831.495, "T", "SMD", "$1N842", "", "R", 62.992, 125.984, 0, 0, 0],
		[189, "PAD13_9", 1908.345, -1831.495, "T", "SMD", "$1N862", "", "R", 62.992, 125.984, 0, 0, 0],
		[190, "PAD14_10", 2008.345, -1831.495, "T", "SMD", "$1N806", "", "R", 62.992, 125.984, 0, 0, 0],
		[191, "PAD15_31", 2008.345, -1068.505, "T", "SMD", "$1N421", "", "R", 62.992, 125.984, 0, 0, 0],
		[192, "PAD16_11", 2108.345, -1831.495, "T", "SMD", "$1N568", "", "R", 62.992, 125.984, 0, 0, 0],
		[193, "PAD17_12", 2208.345, -1831.495, "T", "SMD", "$1N578", "", "R", 62.992, 125.984, 0, 0, 0],
		[194, "PAD18_14", 2408.345, -1831.495, "T", "SMD", "$1N483", "", "R", 62.992, 125.984, 0, 0, 0],
		[195, "PAD19_27", 2408.345, -1068.505, "T", "SMD", "$1N2297", "", "R", 62.992, 125.984, 0, 0, 0],
		[196, "PAD20_26", 2508.345, -1068.505, "T", "SMD", "$1N2304", "", "R", 62.992, 125.984, 0, 0, 0],
		[197, "PAD21_18", 2808.345, -1831.495, "T", "SMD", "$1N883", "", "R", 62.992, 125.984, 0, 0, 0],
		[198, "PAD22_23", 2808.345, -1068.505, "T", "SMD", "$1N415", "", "R", 62.992, 125.984, 0, 0, 0],
		[199, "PAD23_19", 2908.345, -1831.495, "T", "SMD", "$1N812", "", "R", 62.992, 125.984, 0, 0, 0],
		[200, "PAD24_20", 3008.345, -1831.495, "T", "SMD", "$1N868", "", "R", 62.992, 125.984, 0, 0, 0],
		[201, "PAD25_1", 2695, -375, "T", "DIP", "$1N427", "", "R", 42.126, 59.055, 33.464, 33.464, 0],
		[202, "PAD25_1", 2695, -375, "B", "DIP", "$1N427", "", "R", 42.126, 59.055, 33.464, 33.464, 0],
		[203, "PAD26_2", 2745, -375, "T", "DIP", "$1N421", "", "O", 42.126, 59.055, 33.464, 33.464, 0],
		[204, "PAD26_2", 2745, -375, "B", "DIP", "$1N421", "", "O", 42.126, 59.055, 33.464, 33.464, 0],
		[205, "PAD27_3", 2795, -375, "T", "DIP", "$1N415", "", "O", 42.126, 59.055, 33.464, 33.464, 0],
		[206, "PAD27_3", 2795, -375, "B", "DIP", "$1N415", "", "O", 42.126, 59.055, 33.464, 33.464, 0],
		[207, "PAD28_2", 4145, -1468.7402, "T", "DIP", "$1N483", "", "C", 60, 60, 36, 36, 270],
		[208, "PAD28_2", 4145, -1468.7402, "B", "DIP", "$1N483", "", "C", 60, 60, 36, 36, 270],
		[209, "PAD29_3", 4145, -1547.4804, "T", "DIP", "$1N415", "", "C", 60, 60, 36, 36, 270],
		[210, "PAD29_3", 4145, -1547.4804, "B", "DIP", "$1N415", "", "C", 60, 60, 36, 36, 270],
		[211, "PAD30_4", 4145, -1626.2206, "T", "DIP", "$1N427", "", "C", 60, 60, 36, 36, 270],
		[212, "PAD30_4", 4145, -1626.2206, "B", "DIP", "$1N427", "", "C", 60, 60, 36, 36, 270],
		[213, "PAD31_1", 130, -1365, "T", "DIP", "$1N2335", "", "R", 74.016, 74.016, 40, 40, 180],
		[214, "PAD31_1", 130, -1365, "B", "DIP", "$1N2335", "", "R", 74.016, 74.016, 40, 40, 180],
		[215, "PAD32_2", 130, -1465, "T", "DIP", "$1N868", "", "C", 74.016, 74.016, 40, 40, 180],
		[216, "PAD32_2", 130, -1465, "B", "DIP", "$1N868", "", "C", 74.016, 74.016, 40, 40, 180],
		[217, "PAD33_3", 130, -1565, "T", "DIP", "$1N862", "", "C", 74.016, 74.016, 40, 40, 180],
		[218, "PAD33_3", 130, -1565, "B", "DIP", "$1N862", "", "C", 74.016, 74.016, 40, 40, 180],
		[219, "PAD34_4", 130, -1665, "T", "DIP", "$1N842", "", "C", 74.016, 74.016, 40, 40, 180],
		[220, "PAD34_4", 130, -1665, "B", "DIP", "$1N842", "", "C", 74.016, 74.016, 40, 40, 180],
		[221, "PAD35_5", 230, -1365, "T", "DIP", "$1N427", "", "C", 74.016, 74.016, 40, 40, 180],
		[222, "PAD35_5", 230, -1365, "B", "DIP", "$1N427", "", "C", 74.016, 74.016, 40, 40, 180],
		[223, "PAD36_6", 230, -1465, "T", "DIP", "$1N812", "", "C", 74.016, 74.016, 40, 40, 180],
		[224, "PAD36_6", 230, -1465, "B", "DIP", "$1N812", "", "C", 74.016, 74.016, 40, 40, 180],
		[225, "PAD37_7", 230, -1565, "T", "DIP", "$1N806", "", "C", 74.016, 74.016, 40, 40, 180],
		[226, "PAD37_7", 230, -1565, "B", "DIP", "$1N806", "", "C", 74.016, 74.016, 40, 40, 180],
		[227, "PAD38_VCC", 3110, -3110, "T", "DIP", "$1N427", "", "C", 65.9999, 65.9999, 39.37, 39.37, 0],
		[228, "PAD38_VCC", 3110, -3110, "B", "DIP", "$1N427", "", "C", 65.9999, 65.9999, 39.37, 39.37, 0],
		[229, "PAD39_RX", 3110, -3010.0002, "T", "DIP", "$1N568", "", "C", 65.9999, 65.9999, 39.37, 39.37, 0],
		[230, "PAD39_RX", 3110, -3010.0002, "B", "DIP", "$1N568", "", "C", 65.9999, 65.9999, 39.37, 39.37, 0],
		[231, "PAD40_TX", 3110, -2910.0004, "T", "DIP", "$1N578", "", "C", 65.9999, 65.9999, 39.37, 39.37, 0],
		[232, "PAD40_TX", 3110, -2910.0004, "B", "DIP", "$1N578", "", "C", 65.9999, 65.9999, 39.37, 39.37, 0],
		[233, "PAD41_GND", 3110, -2810.0006, "T", "DIP", "$1N415", "", "C", 65.9999, 65.9999, 39.37, 39.37, 0],
		[234, "PAD41_GND", 3110, -2810.0006, "B", "DIP", "$1N415", "", "C", 65.9999, 65.9999, 39.37, 39.37, 0],
		[235, "PAD42_5", 2090, -2850, "T", "DIP", "$1N1163", "", "C", 60, 60, 36, 36, 270],
		[236, "PAD42_5", 2090, -2850, "B", "DIP", "$1N1163", "", "C", 60, 60, 36, 36, 270],
		[237, "PAD43_6", 1990, -2850, "T", "DIP", "$1N1135", "", "C", 60, 60, 36, 36, 270],
		[238, "PAD43_6", 1990, -2850, "B", "DIP", "$1N1135", "", "C", 60, 60, 36, 36, 270],
		[239, "PAD44_7", 1890, -2850, "T", "DIP", "$1N2000", "", "C", 60, 60, 36, 36, 270],
		[240, "PAD44_7", 1890, -2850, "B", "DIP", "$1N2000", "", "C", 60, 60, 36, 36, 270],
		[241, "PAD45_8", 1790, -2850, "T", "DIP", "$1N427", "", "C", 60, 60, 36, 36, 270],
		[242, "PAD45_8", 1790, -2850, "B", "DIP", "$1N427", "", "C", 60, 60, 36, 36, 270]
	]
}
}